<?xml version="1.0" encoding="UTF-8"?>
<project-private xmlns="http://www.netbeans.org/ns/project-private/1">
    <editor-bookmarks xmlns="http://www.netbeans.org/ns/editor-bookmarks/2" lastBookmarkId="0"/>
    <open-files xmlns="http://www.netbeans.org/ns/projectui-open-files/2">
        <group>
            <file>file:/C:/Users/posse/OneDrive/Documentos/NetBeansProjects/AmplifyDesktop/src/view/telaPrincipal.java</file>
            <file>file:/C:/Users/posse/OneDrive/Documentos/NetBeansProjects/AmplifyDesktop/src/view/AmplifyDesktop.java</file>
            <file>file:/C:/Users/posse/OneDrive/Documentos/NetBeansProjects/AmplifyDesktop/src/controller/ConexaoController.java</file>
            <file>file:/C:/Users/posse/OneDrive/Documentos/NetBeansProjects/AmplifyDesktop/src/manager/MP3Scanner.java</file>
            <file>file:/C:/Users/posse/OneDrive/Documentos/NetBeansProjects/AmplifyDesktop/src/view/telaLoginRegis.java</file>
        </group>
    </open-files>
</project-private>
